program,category,seed
benchmarks/generated/arithmetic_000.c,arithmetic,42
benchmarks/generated/arithmetic_001.c,arithmetic,43
benchmarks/generated/arithmetic_002.c,arithmetic,44
benchmarks/generated/arithmetic_003.c,arithmetic,45
benchmarks/generated/arithmetic_004.c,arithmetic,46
benchmarks/generated/arithmetic_005.c,arithmetic,47
benchmarks/generated/arithmetic_006.c,arithmetic,48
benchmarks/generated/arithmetic_007.c,arithmetic,49
benchmarks/generated/arithmetic_008.c,arithmetic,50
benchmarks/generated/arithmetic_009.c,arithmetic,51
benchmarks/generated/arithmetic_010.c,arithmetic,52
benchmarks/generated/arithmetic_011.c,arithmetic,53
benchmarks/generated/arithmetic_012.c,arithmetic,54
benchmarks/generated/arithmetic_013.c,arithmetic,55
benchmarks/generated/arithmetic_014.c,arithmetic,56
benchmarks/generated/arithmetic_015.c,arithmetic,57
benchmarks/generated/arithmetic_016.c,arithmetic,58
benchmarks/generated/arithmetic_017.c,arithmetic,59
benchmarks/generated/arithmetic_018.c,arithmetic,60
benchmarks/generated/arithmetic_019.c,arithmetic,61
benchmarks/generated/arithmetic_020.c,arithmetic,62
benchmarks/generated/arithmetic_021.c,arithmetic,63
benchmarks/generated/arithmetic_022.c,arithmetic,64
benchmarks/generated/arithmetic_023.c,arithmetic,65
benchmarks/generated/cse_000.c,cse,1042
benchmarks/generated/cse_001.c,cse,1043
benchmarks/generated/cse_002.c,cse,1044
benchmarks/generated/cse_003.c,cse,1045
benchmarks/generated/cse_004.c,cse,1046
benchmarks/generated/cse_005.c,cse,1047
benchmarks/generated/cse_006.c,cse,1048
benchmarks/generated/cse_007.c,cse,1049
benchmarks/generated/cse_008.c,cse,1050
benchmarks/generated/cse_009.c,cse,1051
benchmarks/generated/cse_010.c,cse,1052
benchmarks/generated/cse_011.c,cse,1053
benchmarks/generated/cse_012.c,cse,1054
benchmarks/generated/cse_013.c,cse,1055
benchmarks/generated/cse_014.c,cse,1056
benchmarks/generated/cse_015.c,cse,1057
benchmarks/generated/cse_016.c,cse,1058
benchmarks/generated/cse_017.c,cse,1059
benchmarks/generated/cse_018.c,cse,1060
benchmarks/generated/cse_019.c,cse,1061
benchmarks/generated/cse_020.c,cse,1062
benchmarks/generated/cse_021.c,cse,1063
benchmarks/generated/cse_022.c,cse,1064
benchmarks/generated/cse_023.c,cse,1065
benchmarks/generated/constant_000.c,constant,2042
benchmarks/generated/constant_001.c,constant,2043
benchmarks/generated/constant_002.c,constant,2044
benchmarks/generated/constant_003.c,constant,2045
benchmarks/generated/constant_004.c,constant,2046
benchmarks/generated/constant_005.c,constant,2047
benchmarks/generated/constant_006.c,constant,2048
benchmarks/generated/constant_007.c,constant,2049
benchmarks/generated/constant_008.c,constant,2050
benchmarks/generated/constant_009.c,constant,2051
benchmarks/generated/constant_010.c,constant,2052
benchmarks/generated/constant_011.c,constant,2053
benchmarks/generated/constant_012.c,constant,2054
benchmarks/generated/constant_013.c,constant,2055
benchmarks/generated/constant_014.c,constant,2056
benchmarks/generated/constant_015.c,constant,2057
benchmarks/generated/constant_016.c,constant,2058
benchmarks/generated/constant_017.c,constant,2059
benchmarks/generated/constant_018.c,constant,2060
benchmarks/generated/constant_019.c,constant,2061
benchmarks/generated/constant_020.c,constant,2062
benchmarks/generated/constant_021.c,constant,2063
benchmarks/generated/constant_022.c,constant,2064
benchmarks/generated/constant_023.c,constant,2065
benchmarks/generated/loop_000.c,loop,3042
benchmarks/generated/loop_001.c,loop,3043
benchmarks/generated/loop_002.c,loop,3044
benchmarks/generated/loop_003.c,loop,3045
benchmarks/generated/loop_004.c,loop,3046
benchmarks/generated/loop_005.c,loop,3047
benchmarks/generated/loop_006.c,loop,3048
benchmarks/generated/loop_007.c,loop,3049
benchmarks/generated/loop_008.c,loop,3050
benchmarks/generated/loop_009.c,loop,3051
benchmarks/generated/loop_010.c,loop,3052
benchmarks/generated/loop_011.c,loop,3053
benchmarks/generated/loop_012.c,loop,3054
benchmarks/generated/loop_013.c,loop,3055
benchmarks/generated/loop_014.c,loop,3056
benchmarks/generated/loop_015.c,loop,3057
benchmarks/generated/loop_016.c,loop,3058
benchmarks/generated/loop_017.c,loop,3059
benchmarks/generated/loop_018.c,loop,3060
benchmarks/generated/loop_019.c,loop,3061
benchmarks/generated/loop_020.c,loop,3062
benchmarks/generated/loop_021.c,loop,3063
benchmarks/generated/loop_022.c,loop,3064
benchmarks/generated/loop_023.c,loop,3065
benchmarks/generated/mixed_000.c,mixed,4042
benchmarks/generated/mixed_001.c,mixed,4043
benchmarks/generated/mixed_002.c,mixed,4044
benchmarks/generated/mixed_003.c,mixed,4045
benchmarks/generated/mixed_004.c,mixed,4046
benchmarks/generated/mixed_005.c,mixed,4047
benchmarks/generated/mixed_006.c,mixed,4048
benchmarks/generated/mixed_007.c,mixed,4049
benchmarks/generated/mixed_008.c,mixed,4050
benchmarks/generated/mixed_009.c,mixed,4051
benchmarks/generated/mixed_010.c,mixed,4052
benchmarks/generated/mixed_011.c,mixed,4053
benchmarks/generated/mixed_012.c,mixed,4054
benchmarks/generated/mixed_013.c,mixed,4055
benchmarks/generated/mixed_014.c,mixed,4056
benchmarks/generated/mixed_015.c,mixed,4057
benchmarks/generated/mixed_016.c,mixed,4058
benchmarks/generated/mixed_017.c,mixed,4059
benchmarks/generated/mixed_018.c,mixed,4060
benchmarks/generated/mixed_019.c,mixed,4061
benchmarks/generated/mixed_020.c,mixed,4062
benchmarks/generated/mixed_021.c,mixed,4063
benchmarks/generated/mixed_022.c,mixed,4064
benchmarks/generated/mixed_023.c,mixed,4065
